{"rmse": 0.3584133171140225, "mae": 0.2827841351227562, "r2": 0.9999878650460836, "train_split": 0.8, "test_split": 0.2, "model_type": "Multivariate Linear Regression"}